{"cameraMode":{"drawMode":0,"name":"Shaded","section":"Shading Mode"},"sceneLighting":true,"audioPlay":false,"sceneViewState":{"m_AlwaysRefresh":false,"showFog":true,"showSkybox":true,"showFlares":true,"showImageEffects":true,"showParticleSystems":true,"showVisualEffectGraphs":true,"m_FxEnabled":true},"in2DMode":false,"pivot":{"x":32.5433464050293,"y":-0.5032806992530823,"z":100.23137664794922},"rotation":{"x":-0.0021155187860131265,"y":-0.15924319624900819,"z":0.00013424370263237506,"w":-0.9873685836791992},"size":57.16738510131836,"orthographic":false}